SPECIES,water.asc,aspect.asc,dem.asc,slope.asc,streams.asc,tools.asc,twi.asc
water.asc,0,0.195819758142601,-0.0907288893276558,-0.166283891593897,0.264306032210336,0.183175309638308,-0.124436447976949
aspect.asc,0,0,0.164996514138759,0.0370167960280842,0.173363850550867,0.0171341810129861,-0.250418848330796
dem.asc,0,0,0,0.415976065707868,0.2883070232154,-0.00781275935837743,-0.28476302911344
slope.asc,0,0,0,0,0.154955820916342,-0.0408450900769353,-0.183245708380445
streams.asc,0,0,0,0,0,0.208326539792525,-0.182279786927042
tools.asc,0,0,0,0,0,0,-0.00461842947806488
twi.asc,0,0,0,0,0,0,0
